reaction_id	ec
R_rxn00001_c0	3.6.1.1
R_rxn00001_d0	3.6.1.1
R_rxn00001_g0	3.6.1.1
R_rxn00001_v0	3.6.1.1
R_rxn00001_w0	3.6.1.1
R_rxn00006_c0	1.11.1.21;1.11.1.6
R_rxn00006_x0	1.11.1.21;1.11.1.6
R_rxn00018_d0	4.1.1.39
R_rxn00018_x0	4.1.1.39
R_rxn00048_d0	2.5.1.9
R_rxn00069_d0	1.4.1.14
R_rxn00076_c0	3.6.1.22;3.6.1.9
R_rxn00076_d0	3.6.1.22;3.6.1.9
R_rxn00077_c0	2.7.1.23
R_rxn00077_d0	2.7.1.23
R_rxn00078_c0	2.7.1.86
R_rxn00078_x0	2.7.1.86
R_rxn00083_c0	1.6.1.1;1.6.1.2;1.6.1.3
R_rxn00086_c0	1.6.4.2;1.8.1.7
R_rxn00086_d0	1.6.4.2;1.8.1.7
R_rxn00086_m0	1.6.4.2;1.8.1.7
R_rxn00088_c0	3.1.3.2
R_rxn00097_c0	2.7.4.3
R_rxn00097_d0	2.7.4.3
R_rxn00097_m0	2.7.4.3
R_rxn00097_n0	2.7.4.3
R_rxn00100_c0	2.7.1.24
R_rxn00100_x0	2.7.1.24
R_rxn00101_c0	3.5.1.5
R_rxn00102_c0	4.2.1.1
R_rxn00102_d0	4.2.1.1
R_rxn00105_c0	2.7.7.1;2.7.7.18
R_rxn00116_c0	3.6.1.5;3.6.1.6
R_rxn00116_g0	3.6.1.5;3.6.1.6
R_rxn00117_c0	2.7.4.6
R_rxn00117_d0	2.7.4.6
R_rxn00117_m0	2.7.4.6
R_rxn00117_n0	2.7.4.6
R_rxn00117_x0	2.7.4.6
R_rxn00119_c0	2.7.4.14;2.7.4.22;2.7.4.4
R_rxn00120_c0	3.6.1.15;3.6.1.39;3.6.1.5
R_rxn00120_g0	3.6.1.15;3.6.1.39;3.6.1.5
R_rxn00121_c0	3.6.1.18;3.6.1.9
R_rxn00121_d0	3.6.1.18;3.6.1.9
R_rxn00122_c0	2.7.7.2
R_rxn00122_d0	2.7.7.2
R_rxn00123_c0	3.1.3.74
R_rxn00124_c0	2.7.1.35
R_rxn00124_d0	2.7.1.35
R_rxn00126_c0	2.5.1.6
R_rxn00126_n0	2.5.1.6
R_rxn00128_c0	4.4.1.14
R_rxn00134_c0	2.7.1.20;2.7.1.74
R_rxn00138_c0	6.3.1.5;6.3.5.1
R_rxn00139_c0	2.4.2.7;2.4.2.8
R_rxn00141_c0	3.3.1.1
R_rxn00148_c0	2.7.1.40
R_rxn00148_d0	2.7.1.40
R_rxn00151_d0	2.7.9.1
R_rxn00154_d0	1.2.4.1;1.8.1.4;2.3.1.12
R_rxn00154_m0	1.2.4.1;1.8.1.4;2.3.1.12
R_rxn00154_n0	1.2.4.1;1.8.1.4;2.3.1.12
R_rxn00159_m0	1.1.1.38;1.1.1.39
R_rxn00161_c0	1.1.1.40
R_rxn00161_d0	1.1.1.40
R_rxn00166_c0	4.3.1.18
R_rxn00168_c0	4.1.1.1
R_rxn00175_d0	6.2.1.1
R_rxn00178_c0	2.3.1.9
R_rxn00178_x0	2.3.1.9
R_rxn00179_c0	2.7.2.11
R_rxn00179_d0	2.7.2.11
R_rxn00184_c0	1.4.1.3;1.4.1.4
R_rxn00187_c0	6.3.1.2
R_rxn00187_d0	6.3.1.2
R_rxn00187_m0	6.3.1.2
R_rxn00189_c0	3.5.1.2;3.5.1.38;6.3.5.4;6.3.5.5
R_rxn00191_c0	2.6.1.2
R_rxn00191_d0	2.6.1.2
R_rxn00191_m0	2.6.1.2
R_rxn00191_x0	2.6.1.2
R_rxn00192_d0	2.3.1.1
R_rxn00208_c0	1.4.3.5
R_rxn00208_d0	1.4.3.5
R_rxn00209_c0	1.4.3.5
R_rxn00209_d0	1.4.3.5
R_rxn00211_c0	1.1.1.22
R_rxn00213_c0	2.7.7.9
R_rxn00237_c0	2.7.4.6
R_rxn00237_d0	2.7.4.6
R_rxn00237_m0	2.7.4.6
R_rxn00237_n0	2.7.4.6
R_rxn00237_x0	2.7.4.6
R_rxn00239_c0	2.7.4.8
R_rxn00247_c0	4.1.1.49
R_rxn00247_n0	4.1.1.49
R_rxn00248_c0	1.1.1.299;1.1.1.37
R_rxn00248_d0	1.1.1.299;1.1.1.37
R_rxn00248_m0	1.1.1.299;1.1.1.37
R_rxn00248_x0	1.1.1.299;1.1.1.37
R_rxn00257_c0	2.3.3.8
R_rxn00260_c0	2.6.1.1
R_rxn00260_d0	2.6.1.1
R_rxn00260_m0	2.6.1.1
R_rxn00260_x0	2.6.1.1
R_rxn00272_d0	2.6.1.44
R_rxn00272_m0	2.6.1.44
R_rxn00272_x0	2.6.1.44
R_rxn00275_d0	2.6.1.4;2.6.1.44
R_rxn00275_m0	2.6.1.4;2.6.1.44
R_rxn00275_x0	2.6.1.4;2.6.1.44
R_rxn00285_m0	6.2.1.5
R_rxn00299_c0	3.5.4.16
R_rxn00300_d0	3.5.4.25
R_rxn00313_d0	4.1.1.20
R_rxn00330_c0	2.3.3.9;4.1.3.2
R_rxn00333_d0	1.1.3.15
R_rxn00333_x0	1.1.3.15
R_rxn00337_d0	2.7.2.4
R_rxn00338_c0	1.4.3.16
R_rxn00338_d0	1.4.3.16
R_rxn00343_m0	3.5.5.4
R_rxn00361_c0	2.7.1.25
R_rxn00361_d0	2.7.1.25
R_rxn00363_c0	3.1.3.5;3.1.3.91
R_rxn00364_c0	2.7.4.14;2.7.4.25
R_rxn00366_c0	3.6.1.5;3.6.1.6
R_rxn00366_g0	3.6.1.5;3.6.1.6
R_rxn00371_c0	1.17.1.9;1.2.1.2
R_rxn00371_m0	1.17.1.9;1.2.1.2
R_rxn00383_c0	1.8.3.1
R_rxn00383_x0	1.8.3.1
R_rxn00391_c0	3.1.3.102;3.1.3.2
R_rxn00391_d0	3.1.3.102;3.1.3.2
R_rxn00392_c0	2.7.1.26
R_rxn00392_d0	2.7.1.26
R_rxn00394_d0	3.5.3.1
R_rxn00394_m0	3.5.3.1
R_rxn00408_c0	3.6.1.15;3.6.1.5
R_rxn00408_g0	3.6.1.15;3.6.1.5
R_rxn00409_c0	2.7.4.6
R_rxn00409_d0	2.7.4.6
R_rxn00409_m0	2.7.4.6
R_rxn00409_n0	2.7.4.6
R_rxn00409_x0	2.7.4.6
R_rxn00412_c0	6.3.4.2
R_rxn00414_d0	6.3.5.5
R_rxn00416_c0	6.3.5.4
R_rxn00420_d0	3.1.3.3
R_rxn00424_x0	2.6.1.45
R_rxn00425_c0	5.1.1.10;5.1.1.18
R_rxn00437_c0	2.7.4.15;2.7.6.2
R_rxn00439_c0	3.6.1.28
R_rxn00440_c0	2.7.6.2
R_rxn00451_c0	2.1.1.12
R_rxn00452_c0	2.1.1.10
R_rxn00454_c0	2.6.1.73
R_rxn00456_c0	4.4.1.11
R_rxn00459_c0	4.2.1.11
R_rxn00459_d0	4.2.1.11
R_rxn00459_n0	4.2.1.11
R_rxn00469_c0	3.5.1.14;3.5.1.16
R_rxn00493_c0	2.6.1.1;2.6.1.5;2.6.1.57;2.6.1.58;2.6.1.9
R_rxn00493_d0	2.6.1.1;2.6.1.5;2.6.1.57;2.6.1.58;2.6.1.9
R_rxn00493_m0	2.6.1.1;2.6.1.5;2.6.1.57;2.6.1.58;2.6.1.9
R_rxn00493_x0	2.6.1.1;2.6.1.5;2.6.1.57;2.6.1.58;2.6.1.9
R_rxn00495_c0	4.3.1.24;4.3.1.25;4.3.1.5
R_rxn00499_c0	1.1.1.27
R_rxn00506_c0	1.2.1.3;1.2.1.5
R_rxn00506_d0	1.2.1.3;1.2.1.5
R_rxn00506_m0	1.2.1.3;1.2.1.5
R_rxn00527_c0	2.6.1.1;2.6.1.5;2.6.1.57;2.6.1.9
R_rxn00527_d0	2.6.1.1;2.6.1.5;2.6.1.57;2.6.1.9
R_rxn00527_m0	2.6.1.1;2.6.1.5;2.6.1.57;2.6.1.9
R_rxn00527_x0	2.6.1.1;2.6.1.5;2.6.1.57;2.6.1.9
R_rxn00533_c0	6.4.1.2
R_rxn00533_d0	6.4.1.2
R_rxn00541_c0	4.1.2.5
R_rxn00543_c0	1.1.1.1;1.1.1.71
R_rxn00571_c0	1.6.6.1;1.7.1.1;1.7.1.2
R_rxn00578_c0	3.1.3.24
R_rxn00611_c0	1.1.1.8;1.1.1.94
R_rxn00611_d0	1.1.1.8;1.1.1.94
R_rxn00654_c0	3.5.1.6
R_rxn00686_c0	1.5.1.3
R_rxn00686_m0	1.5.1.3
R_rxn00689_c0	6.3.2.17
R_rxn00689_d0	6.3.2.17
R_rxn00689_m0	6.3.2.17
R_rxn00690_c0	6.3.4.3
R_rxn00692_c0	2.1.2.1
R_rxn00692_d0	2.1.2.1
R_rxn00692_m0	2.1.2.1
R_rxn00693_c0	2.1.1.13
R_rxn00693_d0	2.1.1.13
R_rxn00693_x0	2.1.1.13
R_rxn00708_c0	3.1.3.5
R_rxn00710_c0	4.1.1.23
R_rxn00711_d0	2.4.2.9
R_rxn00720_d0	1.3.1.2
R_rxn00737_d0	4.3.1.19
R_rxn00747_c0	5.3.1.1
R_rxn00747_d0	5.3.1.1
R_rxn00747_m0	5.3.1.1
R_rxn00770_c0	2.7.6.1
R_rxn00770_d0	2.7.6.1
R_rxn00777_c0	5.3.1.6
R_rxn00777_d0	5.3.1.6
R_rxn00777_n0	5.3.1.6
R_rxn00779_c0	1.2.1.9
R_rxn00781_c0	1.2.1.12;1.2.1.59
R_rxn00781_d0	1.2.1.12;1.2.1.59
R_rxn00781_m0	1.2.1.12;1.2.1.59
R_rxn00781_n0	1.2.1.12;1.2.1.59
R_rxn00782_d0	1.2.1.13;1.2.1.59
R_rxn00789_d0	2.4.2.17
R_rxn00790_d0	2.4.2.14
R_rxn00791_d0	2.4.2.18
R_rxn00799_m0	4.2.1.2
R_rxn00800_d0	4.3.2.2
R_rxn00802_d0	4.3.2.1
R_rxn00829_c0	4.1.1.33
R_rxn00829_x0	4.1.1.33
R_rxn00830_c0	5.3.3.2
R_rxn00830_d0	5.3.3.2
R_rxn00830_m0	5.3.3.2
R_rxn00832_d0	2.1.2.3;3.5.4.10
R_rxn00834_c0	1.1.1.205
R_rxn00838_d0	6.3.4.4
R_rxn00839_c0	2.7.4.6
R_rxn00839_d0	2.7.4.6
R_rxn00839_m0	2.7.4.6
R_rxn00839_n0	2.7.4.6
R_rxn00839_x0	2.7.4.6
R_rxn00863_d0	1.1.1.23
R_rxn00899_d0	1.2.1.25
R_rxn00899_m0	1.2.1.25
R_rxn00907_c0	1.5.1.5
R_rxn00907_d0	1.5.1.5
R_rxn00907_m0	1.5.1.5
R_rxn00908_m0	1.4.4.2;1.8.1.4;2.1.2.10
R_rxn00912_c0	2.1.2.11
R_rxn00912_m0	2.1.2.11
R_rxn00915_c0	2.4.2.22;2.4.2.7;2.4.2.8
R_rxn00917_c0	6.3.5.2
R_rxn00929_c0	1.5.1.2
R_rxn00929_d0	1.5.1.2
R_rxn00931_c0	1.5.1.2
R_rxn00931_d0	1.5.1.2
R_rxn00937_m0	4.2.1.65
R_rxn00938_c0	3.5.1.19;3.5.1.4
R_rxn00940_c0	3.2.2.14;3.2.2.6
R_rxn00943_x0	3.1.2.2;3.1.2.22
R_rxn00947_d0	6.2.1.3
R_rxn00947_r0	6.2.1.3
R_rxn00947_x0	6.2.1.3
R_rxn00965_c0	3.1.2.23
R_rxn00974_c0	4.2.1.3;4.2.1.4
R_rxn00974_d0	4.2.1.3;4.2.1.4
R_rxn00974_m0	4.2.1.3;4.2.1.4
R_rxn00979_c0	1.2.1.21
R_rxn00980_c0	3.1.3.18
R_rxn00980_d0	3.1.3.18
R_rxn00980_n0	3.1.3.18
R_rxn01000_d0	4.2.1.51;4.2.1.91
R_rxn01005_c0	2.7.7.44
R_rxn01007_c0	4.1.1.35
R_rxn01009_c0	
R_rxn01011_d0	1.1.1.26;1.1.1.29;1.1.1.81
R_rxn01011_x0	1.1.1.26;1.1.1.29;1.1.1.81
R_rxn01018_d0	2.1.3.2
R_rxn01019_d0	2.1.3.3
R_rxn01021_c0	3.2.2.16;3.2.2.9
R_rxn01069_d0	4.2.3.1;4.2.99.2
R_rxn01100_c0	2.7.2.3
R_rxn01100_d0	2.7.2.3
R_rxn01101_d0	1.1.1.95
R_rxn01102_d0	2.7.1.31
R_rxn01106_c0	5.4.2.1;5.4.2.11;5.4.2.12
R_rxn01106_d0	5.4.2.1;5.4.2.11;5.4.2.12
R_rxn01111_d0	2.7.1.19
R_rxn01115_c0	1.1.1.351;1.1.1.44
R_rxn01115_d0	1.1.1.351;1.1.1.44
R_rxn01115_m0	1.1.1.351;1.1.1.44
R_rxn01116_d0	5.1.3.1
R_rxn01169_m0	2.7.1.1;2.7.1.2
R_rxn01179_c0	2.3.1.74
R_rxn01179_n0	2.3.1.74
R_rxn01179_r0	2.3.1.74
R_rxn01181_c0	1.2.1.44
R_rxn01182_c0	6.2.1.12
R_rxn01200_d0	2.2.1.1
R_rxn01207_d0	1.2.1.25
R_rxn01207_m0	1.2.1.25
R_rxn01208_d0	
R_rxn01211_c0	3.5.4.9
R_rxn01211_d0	3.5.4.9
R_rxn01211_m0	3.5.4.9
R_rxn01213_c0	2.5.1.1
R_rxn01213_m0	2.5.1.1
R_rxn01217_c0	3.5.4.12
R_rxn01249_c0	1.1.1.65
R_rxn01249_d0	1.1.1.65
R_rxn01253_c0	2.6.1.30
R_rxn01255_d0	4.2.3.5
R_rxn01256_c0	5.4.99.5
R_rxn01256_d0	5.4.99.5
R_rxn01257_d0	2.6.1.85
R_rxn01258_d0	5.4.4.2;5.4.99.6
R_rxn01262_c0	2.1.1.7
R_rxn01263_c0	2.4.1.196
R_rxn01265_c0	2.4.2.11
R_rxn01275_c0	2.7.1.12
R_rxn01301_d0	1.1.1.3
R_rxn01302_d0	1.1.1.3
R_rxn01332_d0	2.5.1.54;4.1.2.15
R_rxn01334_c0	4.1.2.13
R_rxn01334_d0	4.1.2.13
R_rxn01345_c0	3.1.3.11;3.1.3.37
R_rxn01345_d0	3.1.3.11;3.1.3.37
R_rxn01353_c0	2.7.4.6
R_rxn01353_d0	2.7.4.6
R_rxn01353_m0	2.7.4.6
R_rxn01353_n0	2.7.4.6
R_rxn01353_x0	2.7.4.6
R_rxn01362_c0	2.4.2.10
R_rxn01396_c0	2.7.1.35
R_rxn01396_d0	2.7.1.35
R_rxn01399_c0	2.4.1.160
R_rxn01426_c0	2.1.1.104
R_rxn01427_c0	6.2.1.12
R_rxn01429_c0	2.3.1.133;2.3.1.99
R_rxn01434_d0	6.3.4.5
R_rxn01454_c0	2.3.3.10;4.1.3.5
R_rxn01465_c0	3.5.2.3
R_rxn01465_d0	3.5.2.3
R_rxn01466_c0	2.5.1.10
R_rxn01476_c0	3.1.1.31
R_rxn01476_d0	3.1.1.31
R_rxn01486_d0	2.5.1.29
R_rxn01486_m0	2.5.1.29
R_rxn01486_r0	2.5.1.29
R_rxn01494_c0	1.13.11.29
R_rxn01501_c0	1.1.1.34
R_rxn01501_r0	1.1.1.34
R_rxn01511_c0	3.6.1.5;3.6.1.6
R_rxn01511_g0	3.6.1.5;3.6.1.6
R_rxn01512_c0	2.7.4.6
R_rxn01512_d0	2.7.4.6
R_rxn01512_m0	2.7.4.6
R_rxn01512_n0	2.7.4.6
R_rxn01512_x0	2.7.4.6
R_rxn01513_c0	2.7.4.12;2.7.4.13;2.7.4.9
R_rxn01513_m0	2.7.4.12;2.7.4.13;2.7.4.9
R_rxn01514_c0	3.6.1.15;3.6.1.39;3.6.1.5
R_rxn01514_g0	3.6.1.15;3.6.1.39;3.6.1.5
R_rxn01519_c0	3.6.1.19;3.6.1.23
R_rxn01520_c0	2.1.1.45
R_rxn01539_c0	3.1.3.100;3.1.3.2
R_rxn01539_d0	3.1.3.100;3.1.3.2
R_rxn01570_c0	1.2.1.44
R_rxn01571_c0	6.2.1.12;6.2.1.34
R_rxn01607_c0	2.7.1.36
R_rxn01611_c0	1.14.13.11
R_rxn01611_r0	1.14.13.11
R_rxn01612_c0	1.14.13.14
R_rxn01613_c0	6.2.1.12
R_rxn01626_c0	3.5.2.2
R_rxn01626_r0	3.5.2.2
R_rxn01636_d0	2.3.1.35
R_rxn01637_d0	2.6.1.11
R_rxn01643_c0	1.2.1.11
R_rxn01643_d0	1.2.1.11
R_rxn01644_d0	4.2.1.52
R_rxn01652_c0	2.1.2.10
R_rxn01652_d0	2.1.2.10
R_rxn01652_m0	2.1.2.10
R_rxn01653_m0	6.3.3.2
R_rxn01670_c0	3.1.3.5
R_rxn01673_c0	2.7.4.6
R_rxn01673_d0	2.7.4.6
R_rxn01673_m0	2.7.4.6
R_rxn01673_n0	2.7.4.6
R_rxn01673_x0	2.7.4.6
R_rxn01678_c0	2.7.4.6
R_rxn01678_d0	2.7.4.6
R_rxn01678_m0	2.7.4.6
R_rxn01678_n0	2.7.4.6
R_rxn01678_x0	2.7.4.6
R_rxn01712_c0	2.1.1.68
R_rxn01718_c0	2.3.1.110
R_rxn01739_d0	2.7.1.71
R_rxn01740_d0	1.1.1.25;1.1.1.282
R_rxn01743_c0	2.3.1.133
R_rxn01765_r0	1.14.13.21;1.14.13.88
R_rxn01790_c0	1.1.1.169
R_rxn01791_c0	6.3.2.1
R_rxn01807_c0	2.7.1.35
R_rxn01807_d0	2.7.1.35
R_rxn01827_c0	1.13.11.27
R_rxn01827_d0	1.13.11.27
R_rxn01887_c0	1.1.1.194;1.1.1.195
R_rxn01887_w0	1.1.1.194;1.1.1.195
R_rxn01888_c0	2.4.1.111
R_rxn01909_c0	
R_rxn01917_d0	2.7.2.8
R_rxn01974_d0	5.1.1.7
R_rxn01975_c0	1.1.1.49
R_rxn01975_d0	1.1.1.49
R_rxn02155_c0	2.7.7.1;2.7.7.18
R_rxn02159_d0	1.1.1.23
R_rxn02175_c0	2.7.7.3
R_rxn02201_c0	2.5.1.15
R_rxn02201_m0	2.5.1.15
R_rxn02212_d0	4.2.3.4
R_rxn02213_d0	4.2.1.10
R_rxn02251_d0	4.1.1.39
R_rxn02251_x0	4.1.1.39
R_rxn02277_m0	6.3.3.3
R_rxn02297_c0	2.3.1.47
R_rxn02302_c0	2.5.1.48
R_rxn02305_d0	2.5.1.3
R_rxn02312_m0	2.6.1.62
R_rxn02320_d0	2.6.1.9
R_rxn02322_c0	2.7.4.2
R_rxn02322_x0	2.7.4.2
R_rxn02341_c0	4.1.1.36
R_rxn02373_c0	1.2.1.41
R_rxn02373_d0	1.2.1.41
R_rxn02374_c0	
R_rxn02374_d0	
R_rxn02374_m0	
R_rxn02374_v0	
R_rxn02374_x0	
R_rxn02380_c0	5.3.1.9
R_rxn02380_d0	5.3.1.9
R_rxn02402_c0	2.4.2.19
R_rxn02402_d0	2.4.2.19
R_rxn02414_c0	2.1.1.68
R_rxn02465_d0	1.2.1.38
R_rxn02473_d0	4.2.1.19
R_rxn02474_d0	1.1.1.193
R_rxn02475_d0	3.5.4.26
R_rxn02476_d0	2.5.1.19
R_rxn02484_d0	2.7.1.49
R_rxn02503_c0	2.7.6.3
R_rxn02503_m0	2.7.6.3
R_rxn02504_c0	4.1.2.25
R_rxn02507_d0	4.1.1.48
R_rxn02516_m0	4.4.1.9
R_rxn02554_c0	
R_rxn02554_r0	
R_rxn02575_c0	2.4.1.111
R_rxn02758_c0	1.1.1.195
R_rxn02758_w0	1.1.1.195
R_rxn02789_d0	4.2.1.33
R_rxn02811_d0	4.2.1.33
R_rxn02814_c0	1.1.1.195
R_rxn02814_w0	1.1.1.195
R_rxn02832_d0	4.2.1.113
R_rxn02834_d0	3.6.1.31
R_rxn02835_d0	3.5.4.19
R_rxn02894_c0	2.7.1.100
R_rxn02895_d0	6.3.4.13
R_rxn02914_d0	2.6.1.52
R_rxn02928_d0	1.3.1.26
R_rxn02929_d0	1.3.1.26
R_rxn02937_d0	6.3.3.1
R_rxn02938_d0	4.1.1.21
R_rxn02988_c0	2.5.1.72
R_rxn02988_d0	2.5.1.72
R_rxn03004_d0	2.1.2.2
R_rxn03016_c0	1.14.13.36
R_rxn03016_r0	1.14.13.36
R_rxn03057_c0	5.3.1.23
R_rxn03062_d0	1.1.1.85
R_rxn03075_c0	2.7.1.50
R_rxn03080_d0	2.5.1.78
R_rxn03084_d0	6.3.5.3
R_rxn03084_m0	6.3.5.3
R_rxn03108_d0	2.7.4.7
R_rxn03135_d0	4.3.2.10
R_rxn03136_d0	4.3.2.2
R_rxn03137_d0	2.1.2.3
R_rxn03147_d0	6.3.2.6
R_rxn03168_c0	
R_rxn03173_c0	3.6.1.67
R_rxn03175_d0	5.3.1.16
R_rxn03891_d0	2.5.1.30
R_rxn03891_m0	2.5.1.30
R_rxn03891_r0	2.5.1.30
R_rxn03892_d0	2.5.1.33
R_rxn03892_m0	2.5.1.33
R_rxn03892_r0	2.5.1.33
R_rxn03907_d0	2.7.7.60
R_rxn03908_d0	2.7.1.148
R_rxn03909_d0	2.2.1.7
R_rxn03910_d0	4.6.1.12
R_rxn03958_d0	1.1.1.267
R_rxn03970_c0	1.2.1.68
R_rxn03971_c0	1.2.1.68
R_rxn03983_c0	1.8.4.9
R_rxn03983_d0	1.8.4.9
R_rxn04113_d0	1.17.1.2
R_rxn04426_c0	
R_rxn04426_r0	
R_rxn04430_c0	2.1.1.68
R_rxn04954_c0	1.5.1.20
R_rxn04996_d0	1.17.1.2
R_rxn05023_d0	3.1.2.28
R_rxn05023_x0	3.1.2.28
R_rxn05024_d0	4.1.3.36
R_rxn05024_x0	4.1.3.36
R_rxn05034_m0	2.5.1.39
R_rxn05039_d0	3.1.3.104
R_rxn05040_d0	4.1.99.12
R_rxn05092_c0	1.13.11.54
R_rxn05104_c0	4.2.1.109
R_rxn05104_d0	4.2.1.109
R_rxn05105_d0	3.1.3.77;5.3.2.5
R_rxn05106_d0	3.1.3.77;3.1.3.87
R_rxn05136_c0	2.3.1.133
R_rxn05143_c0	1.2.1.68
R_rxn05206_c0	
R_rxn05218_d0	
R_rxn05218_m0	
R_rxn05218_x0	
R_rxn05220_d0	
R_rxn05220_m0	
R_rxn05220_x0	
R_rxn05222_d0	
R_rxn05222_m0	
R_rxn05222_x0	
R_rxn05224_d0	
R_rxn05224_m0	
R_rxn05238_c0	
R_rxn05238_d0	
R_rxn05238_v0	
R_rxn05245_d0	
R_rxn05245_m0	
R_rxn05245_x0	
R_rxn05287_d0	2.5.1.81
R_rxn05287_m0	2.5.1.81
R_rxn05287_r0	2.5.1.81
R_rxn05319_c0	
R_rxn05319_d0	
R_rxn05319_m0	
R_rxn05319_v0	
R_rxn05319_x0	
R_rxn05324_d0	1.3.1.9;2.3.1.86
R_rxn05325_d0	1.3.1.9;2.3.1.86
R_rxn05326_d0	1.3.1.9;2.3.1.86
R_rxn05330_d0	2.3.1.85;2.3.1.86;4.2.1.58;4.2.1.59
R_rxn05331_d0	2.3.1.85;2.3.1.86;4.2.1.58;4.2.1.59;4.2.1.60;4.2.1.61
R_rxn05335_d0	2.3.1.85;2.3.1.86;4.2.1.59;4.2.1.61
R_rxn05337_d0	1.1.1.100;2.3.1.85;2.3.1.86
R_rxn05338_d0	1.1.1.100;2.3.1.85;2.3.1.86
R_rxn05340_d0	1.1.1.100;2.3.1.85;2.3.1.86
R_rxn05342_d0	1.1.1.100;2.3.1.85;2.3.1.86
R_rxn05343_d0	2.3.1.179;2.3.1.180;2.3.1.41;2.3.1.85;2.3.1.86
R_rxn05345_d0	2.3.1.179;2.3.1.180;2.3.1.41;2.3.1.85;2.3.1.86
R_rxn05346_d0	2.3.1.179;2.3.1.180;2.3.1.41;2.3.1.85;2.3.1.86
R_rxn05348_d0	2.3.1.179;2.3.1.180;2.3.1.41;2.3.1.85;2.3.1.86
R_rxn05350_d0	2.3.1.179;2.3.1.180;2.3.1.41;2.3.1.85;2.3.1.86
R_rxn05465_d0	2.3.1.39;2.3.1.85;2.3.1.86
R_rxn05467_c0	
R_rxn05467_d0	
R_rxn05467_m0	
R_rxn05468_c0	
R_rxn05468_d0	
R_rxn05468_m0	
R_rxn05468_x0	
R_rxn05667_c0	
R_rxn05667_d0	
R_rxn05667_m0	
R_rxn05736_d0	6.2.1.3
R_rxn05736_r0	6.2.1.3
R_rxn05736_x0	6.2.1.3
R_rxn06556_d0	3.1.2.14;3.1.2.21
R_rxn07441_d0	2.6.1.83
R_rxn07579_d0	1.3.1.9
R_rxn08094_m0	1.2.4.2;1.8.1.4;2.3.1.61
R_rxn08104_d0	
R_rxn08155_d0	
R_rxn08155_m0	
R_rxn08155_x0	
R_rxn08170_d0	
R_rxn08170_m0	
R_rxn08170_x0	
R_rxn08173_j0	3.6.3.14;7.1.2.2
R_rxn08233_c0	
R_rxn08236_d0	
R_rxn08236_m0	
R_rxn08236_v0	
R_rxn08284_d0	
R_rxn08284_m0	
R_rxn08335_m0	1.3.3.1;1.3.5.2
R_rxn08352_d0	1.17.1.2
R_rxn08392_d0	1.3.1.9
R_rxn08436_d0	3.1.2.14
R_rxn08440_x0	3.1.2.2
R_rxn08444_x0	3.1.2.2
R_rxn08525_d0	
R_rxn08525_m0	
R_rxn08525_v0	
R_rxn08525_x0	
R_rxn08556_m0	1.1.5.3;1.1.99.5
R_rxn08633_d0	
R_rxn08633_m0	
R_rxn08633_x0	
R_rxn08680_d0	
R_rxn08680_m0	
R_rxn08680_v0	
R_rxn08689_d0	
R_rxn08689_m0	
R_rxn08703_c0	2.1.1.10
R_rxn08704_d0	
R_rxn08721_d0	
R_rxn08721_m0	
R_rxn08721_x0	
R_rxn08730_c0	
R_rxn08730_d0	
R_rxn08730_m0	
R_rxn08730_v0	
R_rxn08747_d0	
R_rxn08747_m0	
R_rxn08747_x0	
R_rxn08749_d0	
R_rxn08756_d0	1.17.1.2
R_rxn08766_d0	2.3.1.180
R_rxn08786_d0	
R_rxn08786_m0	
R_rxn08786_x0	
R_rxn08856_d0	
R_rxn08856_m0	
R_rxn08856_x0	
R_rxn08920_d0	
R_rxn08920_m0	
R_rxn08920_x0	
R_rxn08999_c0	
R_rxn08999_d0	
R_rxn08999_m0	
R_rxn09005_c0	
R_rxn09005_d0	
R_rxn09005_m0	
R_rxn09034_d0	
R_rxn09048_d0	
R_rxn09048_m0	
R_rxn09048_x0	
R_rxn09050_m0	
R_rxn09118_d0	
R_rxn09118_m0	
R_rxn09118_x0	
R_rxn09121_c0	
R_rxn09121_d0	
R_rxn09121_m0	
R_rxn09177_c0	6.3.2.5
R_rxn09193_d0	
R_rxn09193_m0	
R_rxn09193_x0	
R_rxn09248_d0	
R_rxn09248_m0	
R_rxn09248_x0	
R_rxn09272_m0	1.3.5.1;1.3.99.1
R_rxn09275_c0	
R_rxn09275_d0	
R_rxn09275_v0	
R_rxn09300_d0	
R_rxn09307_d0	
R_rxn09307_m0	
R_rxn09307_x0	
R_rxn09339_d0	
R_rxn09339_m0	
R_rxn09339_x0	
R_rxn09366_d0	
R_rxn09444_d0	6.2.1.3
R_rxn09444_r0	6.2.1.3
R_rxn09444_x0	6.2.1.3
R_rxn09449_d0	6.2.1.3
R_rxn09449_r0	6.2.1.3
R_rxn09449_x0	6.2.1.3
R_rxn09453_d0	6.2.1.3
R_rxn09453_r0	6.2.1.3
R_rxn09453_x0	6.2.1.3
R_rxn09686_d0	
R_rxn09686_m0	
R_rxn09686_v0	
R_rxn09711_d0	
R_rxn09711_m0	
R_rxn09711_v0	
R_rxn09717_m0	
R_rxn09736_c0	
R_rxn09736_d0	
R_rxn09736_m0	
R_rxn09777_d0	
R_rxn09777_m0	
R_rxn09777_x0	
R_rxn09784_d0	
R_rxn09784_m0	
R_rxn09785_d0	
R_rxn09785_m0	
R_rxn09792_m0	
R_rxn09794_d0	
R_rxn09794_m0	
R_rxn09817_d0	
R_rxn09817_m0	
R_rxn09839_d0	
R_rxn09839_m0	
R_rxn09839_x0	
R_rxn10480_c0	
R_rxn10480_d0	
R_rxn10480_m0	
R_rxn10480_v0	
R_rxn10480_x0	
R_rxn10826_d0	
R_rxn10826_m0	
R_rxn10826_v0	
R_rxn10826_x0	
R_rxn10832_d0	
R_rxn10832_m0	
R_rxn10867_d0	
R_rxn10867_m0	
R_rxn10923_d0	
R_rxn10923_m0	
R_rxn10923_x0	
R_rxn10929_d0	
R_rxn10929_m0	
R_rxn10929_x0	
R_rxn10952_d0	
R_rxn10952_m0	
R_rxn10952_x0	
R_rxn10967_d0	
R_rxn10967_m0	
R_rxn10967_x0	
R_rxn11013_d0	
R_rxn11013_m0	
R_rxn11013_x0	
R_rxn11040_c0	1.1.1.343;1.1.1.44
R_rxn11040_d0	1.1.1.343;1.1.1.44
R_rxn11040_m0	1.1.1.343;1.1.1.44
R_rxn11700_d0	3.1.2.14
R_rxn11702_d0	2.2.1.9;2.5.1.64
R_rxn11703_d0	4.2.99.20
R_rxn12282_d0	6.2.1.3
R_rxn12282_r0	6.2.1.3
R_rxn12282_x0	6.2.1.3
R_rxn12329_x0	3.1.2.2
R_rxn12426_d0	
R_rxn12426_m0	
R_rxn12426_x0	
R_rxn12510_c0	2.7.1.33
R_rxn13149_c0	
R_rxn13213_d0	
R_rxn13213_m0	
R_rxn13290_d0	
R_rxn13360_d0	
R_rxn13360_m0	
R_rxn13361_d0	
R_rxn13361_m0	
R_rxn13365_d0	
R_rxn13365_m0	
R_rxn13365_x0	
R_rxn13689_j0	1.10.2.2
R_rxn13726_j0	1.6.5.3
R_rxn13822_d0	
R_rxn13822_m0	
R_rxn14012_d0	
R_rxn14012_m0	
R_rxn14012_r0	
R_rxn14085_d0	2.5.1.117
R_rxn14094_d0	
R_rxn14142_d0	
R_rxn14261_d0	
R_rxn15021_d0	2.2.1.6;4.1.3.18
R_rxn15022_c0	1.1.1.42
R_rxn15022_d0	1.1.1.42
R_rxn15022_m0	1.1.1.42
R_rxn15022_x0	1.1.1.42
R_rxn15045_c0	4.1.3.1
R_rxn15045_x0	4.1.3.1
R_rxn15056_m0	1.1.1.286;1.1.1.41
R_rxn15062_c0	2.4.1.14
R_rxn15069_c0	3.2.1.20;3.2.1.26;3.2.1.48
R_rxn15069_d0	3.2.1.20;3.2.1.26;3.2.1.48
R_rxn15069_m0	3.2.1.20;3.2.1.26;3.2.1.48
R_rxn15069_n0	3.2.1.20;3.2.1.26;3.2.1.48
R_rxn15116_c0	4.1.2.13
R_rxn15116_d0	4.1.2.13
R_rxn15118_c0	3.2.2.3
R_rxn15121_m0	2.7.1.6
R_rxn15151_c0	1.13.99.1
R_rxn15151_n0	1.13.99.1
R_rxn15166_d0	4.4.1.8
R_rxn15209_c0	2.7.1.43
R_rxn15229_c0	3.2.2.1
R_rxn15249_m0	2.7.1.1;2.7.1.2
R_rxn15250_c0	3.1.3.9
R_rxn15250_d0	3.1.3.9
R_rxn15271_d0	2.2.1.1
R_rxn15280_c0	4.2.1.3
R_rxn15280_d0	4.2.1.3
R_rxn15280_m0	4.2.1.3
R_rxn15298_c0	2.7.1.90
R_rxn15298_d0	2.7.1.90
R_rxn15348_c0	3.2.1.126
R_rxn15364_c0	5.3.1.9
R_rxn15364_d0	5.3.1.9
R_rxn15435_c0	2.7.1.1;2.7.1.4
R_rxn15435_d0	2.7.1.1;2.7.1.4
R_rxn15435_m0	2.7.1.1;2.7.1.4
R_rxn15493_c0	2.7.1.11
R_rxn15493_d0	2.7.1.11
R_rxn15494_c0	3.1.3.11
R_rxn15494_d0	3.1.3.11
R_rxn15780_c0	
R_rxn16289_c0	
R_rxn16289_r0	
R_rxn16291_c0	
R_rxn16291_r0	
R_rxn16300_c0	
R_rxn16300_r0	
R_rxn17196_c0	1.18.1.2
R_rxn17196_d0	1.18.1.2
R_rxn17428_m0	2.1.1.64
R_rxn17469_d0	2.3.1.179
R_rxn17731_c0	2.8.1.6
R_rxn17731_m0	2.8.1.6
R_rxn17744_d0	1.2.1.25
R_rxn17744_m0	1.2.1.25
R_rxn17803_d0	3.1.2.14
R_rxn18935_d0	4.2.1.58
R_rxn18936_d0	4.2.1.59
R_rxn18937_d0	4.2.1.61
R_rxn19027_d0	1.1.1.86
R_rxn19029_d0	1.1.1.86
R_rxn19030_d0	2.2.1.6
R_rxn19071_c0	4.1.3.38
R_rxn19071_d0	4.1.3.38
R_rxn19077_c0	1.17.4.1
R_rxn19240_c0	2.6.1.42
R_rxn19240_d0	2.6.1.42
R_rxn19240_m0	2.6.1.42
R_rxn19241_c0	2.6.1.42;2.6.1.6;2.6.1.67
R_rxn19241_d0	2.6.1.42;2.6.1.6;2.6.1.67
R_rxn19241_m0	2.6.1.42;2.6.1.6;2.6.1.67
R_rxn19242_c0	2.6.1.42;2.6.1.6
R_rxn19242_d0	2.6.1.42;2.6.1.6
R_rxn19242_m0	2.6.1.42;2.6.1.6
R_rxn19246_d0	6.2.1.3
R_rxn19246_r0	6.2.1.3
R_rxn19246_x0	6.2.1.3
R_rxn19253_d0	4.2.1.51;4.2.1.91
R_rxn19277_c0	1.17.4.1
R_rxn19316_m0	2.3.3.1;2.3.3.16;2.3.3.3;4.1.3.7
R_rxn19316_x0	2.3.3.1;2.3.3.16;2.3.3.3;4.1.3.7
R_rxn19343_c0	
R_rxn19343_d0	
R_rxn19345_c0	
R_rxn19345_d0	
R_rxn19345_m0	
R_rxn19488_m0	6.3.2.12;6.3.2.17
R_rxn19544_c0	4.2.1.9
R_rxn19544_d0	4.2.1.9
R_rxn19545_d0	4.2.1.9
R_rxn19686_d0	4.2.1.60
R_rxn19701_d0	1.7.7.1
R_rxn19771_c0	1.17.4.1
R_rxn19828_d0	1.4.7.1
R_rxn19828_m0	1.4.7.1
R_rxn19900_c0	2.1.1.14
R_rxn19900_d0	2.1.1.14
R_rxn19900_x0	2.1.1.14
R_rxn19905_d0	2.7.1.39
R_rxn20176_m0	2.7.1.7
R_rxn20496_m0	2.6.1.13
R_rxn20508_c0	4.1.1.31
R_rxn20583_c0	5.4.2.2
R_rxn20583_d0	5.4.2.2
R_rxn20595_c0	1.10.9.1;1.10.99.1
R_rxn20595_d0	1.10.9.1;1.10.99.1
R_rxn20617_c0	
R_rxn20617_d0	
R_rxn20632_d0	1.10.3.9
R_rxn20643_d0	4.1.99.17
R_rxn20649_m0	1.5.1.12
R_rxn21324_c0	
R_rxn21324_r0	
R_rxn21635_c0	4.3.3.6
R_rxn21635_n0	4.3.3.6
R_rxn22111_m0	2.1.1.201
R_rxn22116_m0	2.1.1.114
R_rxn23155_d0	5.1.99.6
R_rxn23415_d0	5.1.99.6
R_rxn23772_c0	
R_rxn23773_c0	
R_rxn23801_c0	1.14.13.36
R_rxn23801_r0	1.14.13.36
R_rxn23803_c0	
R_rxn23805_d0	
R_rxn24109_d0	1.3.1.78;1.3.1.79
R_rxn24131_c0	
R_rxn24286_c0	2.7.7.37
R_rxn24310_d0	
R_rxn24312_d0	2.1.1.329
R_rxn24330_d0	6.2.1.26
R_rxn24330_x0	6.2.1.26
R_rxn24348_c0	1.14.13.21
R_rxn24358_d0	
R_rxn24360_d0	
R_rxn24362_d0	
R_rxn24404_c0	
R_rxn24508_d0	1.14.19.2
R_rxn24928_c0	
R_rxn25371_c0	
R_rxn25441_c0	
R_rxn25468_m0	
R_rxn25469_m0	
R_rxn25475_m0	
R_rxn25480_m0	
R_rxn25630_c0	
R_rxn25637_d0	1.1.1.100
R_rxn25641_d0	1.1.1.100
R_rxn25647_d0	2.3.1.41
R_rxn25649_d0	1.1.1.100
R_rxn25661_d0	1.1.1.100
R_rxn25662_d0	4.2.1.61
R_rxn25716_d0	2.3.1.41
R_rxn25718_d0	1.1.1.100
R_rxn25719_d0	4.2.1.59
R_rxn25743_d0	1.3.1.9
R_rxn25747_d0	1.3.1.9
R_rxn25750_d0	1.3.1.9
R_rxn25762_d0	6.2.1.3
R_rxn25762_r0	6.2.1.3
R_rxn25762_x0	6.2.1.3
R_rxn25847_c0	
R_rxn25848_c0	
R_rxn26013_d0	4.2.1.122;4.2.1.20
R_rxn26037_d0	2.8.1.7
R_rxn26477_d0	1.17.7.1
R_rxn26754_d0	1.97.1.12
R_rxn27029_d0	
R_rxn27030_d0	
R_rxn27259_c0	2.7.7.4
R_rxn27259_d0	2.7.7.4
R_rxn27259_n0	2.7.7.4
R_rxn27266_c0	1.8.7.1
R_rxn27266_d0	1.8.7.1
R_rxn27318_c0	1.8.1.9
R_rxn27318_d0	1.8.1.9
R_rxn27318_m0	1.8.1.9
R_rxn27360_d0	
R_rxn27360_m0	
R_rxn27360_x0	
R_rxn27415_c0	1.17.4.1
R_rxn27497_d0	2.3.3.13;4.1.3.12
R_rxn27709_d0	4.1.3.27
R_rxn27927_d0	3.1.3.15
R_rxn28082_d0	5.3.1.24
R_rxn28083_d0	2.6.1.79
R_rxn28487_d0	3.1.2.14
R_rxn28606_d0	
R_rxn28615_d0	4.1.2.8;4.2.1.20
R_rxn29086_d0	
R_rxn29086_m0	
R_rxn29086_x0	
R_rxn29122_m0	
R_rxn29240_d0	
R_rxn29240_m0	
R_rxn29240_v0	
R_rxn29246_d0	
R_rxn29318_d0	
R_rxn29318_m0	
R_rxn29318_v0	
R_rxn29325_d0	
R_rxn29325_m0	
R_rxn29325_v0	
R_rxn29342_d0	
R_rxn29342_m0	
R_rxn29342_v0	
R_rxn29733_d0	
R_rxn29733_m0	
R_rxn29733_v0	
R_rxn29733_x0	
R_rxn29785_d0	
R_rxn29785_m0	
R_rxn29919_d0	2.2.1.2
R_rxn30639_d0	
R_rxn30639_m0	
R_rxn30639_x0	
R_rxn31154_d0	
R_rxn31160_m0	
R_rxn31167_d0	
R_rxn31167_m0	
R_rxn31167_x0	
R_rxn31168_d0	
R_rxn31168_m0	
R_rxn31168_x0	
R_rxn31169_d0	
R_rxn31169_m0	
R_rxn31169_x0	
R_rxn31240_c0	5.1.3.15
R_rxn31358_d0	
R_rxn31768_d0	
R_rxn31768_m0	
R_rxn31768_r0	
R_rxn31828_d0	
R_rxn31828_m0	
R_rxn31828_v0	
R_rxn31927_d0	
R_rxn32037_d0	
R_rxn32037_m0	
R_rxn32037_x0	
R_rxn32435_d0	
R_rxn32435_m0	
R_rxn32435_x0	
R_rxn32592_d0	
R_rxn32592_m0	
R_rxn32592_x0	
R_rxn32628_d0	
R_rxn32628_m0	
R_rxn32628_v0	
R_rxn33186_d0	
R_rxn33186_m0	
R_rxn34362_d0	
R_rxn34364_d0	
R_rxn35347_j0	
R_rxn37018_c0	2.7.1.15
R_rxn37018_d0	2.7.1.15
R_rxn37266_c0	2.4.1.13
R_rxn37266_d0	2.4.1.13
R_rxn37324_d0	6.2.1.3
R_rxn37324_r0	6.2.1.3
R_rxn37324_x0	6.2.1.3
R_rxn37585_c0	3.2.2.1;3.2.2.7
R_rxn37610_d0	2.5.1.84;2.5.1.85
R_rxn37610_m0	2.5.1.84;2.5.1.85
R_rxn37610_r0	2.5.1.84;2.5.1.85
R_rxn37651_d0	1.3.1.9
R_rxn37695_c0	2.6.1.88
R_rxn37863_c0	5.1.3.2
R_rxn38788_m0	
R_rxn38788_x0	
R_rxn38795_m0	
R_rxn39241_d0	
R_rxn39241_m0	
R_rxn39241_v0	
R_rxn39242_d0	
R_rxn39242_m0	
R_rxn39242_v0	
R_rxn39243_d0	
R_rxn39243_m0	
R_rxn39243_v0	
R_rxn39244_d0	
R_rxn39245_c0	
R_rxn39246_c0	
R_rxn39247_c0	
R_rxn39248_c0	
R_rxn39249_m0	
R_rxn39250_c0	
R_rxn39251_c0	
R_rxn39252_c0	
R_rxn39253_d0	
R_rxn39253_m0	
R_rxn39254_m0	
R_rxn39255_d0	
R_bio1_biomass	
R_bio2_biomass	
R_EX_cpd00204_e0	
R_EX_cpd00205_e0	
R_EX_cpd11632_e0	
R_EX_cpd00099_e0	
R_EX_cpd00067_e0	
R_EX_cpd00209_e0	
R_EX_cpd00013_e0	
R_EX_cpd00011_e0	
R_EX_cpd00048_e0	
R_EX_cpd00009_e0	
R_EX_cpd00073_e0	
R_EX_cpd00007_e0	
R_EX_cpd00076_e0	
R_EX_cpd00075_e0	
R_EX_cpd00001_e0	
R_DM_cpd02701_c0	
R_DM_cpd11416_c0	
